Iterations,N,R,Erlang Energy Consumption(J),Scala Energy Consumption(J)
10,100000,1000000,149.6865003329701,458.64257053869915
10,100000,5000000,396.1277747335883,1042.733450781393
10,100000,10000000,732.5197725525048,1718.382712746429
10,100000,50000000,3449.7800286211504,8092.251299814794
10,100000,100000000,6740.43353714065,16091.472509209934
10,100000,500000000,34742.65066066497,82401.73938383558
10,100000,1000000000,69392.12639596665,148241.88796581686
10,100000,2000000000,141523.5719539274,318487.727262749
