N,Iterations,Erlang Energy Consumption(J),Scala Energy Consumption(J)
25,15,134.30269390511629,504.0023131042254
30,15,1429.5406410791309,5784.979079540607
