Iterations,N,R,Erlang Energy Consumption(J),Scala Energy Consumption(J)
10,10000,100000000,5649.0922808908335,12408.315630613482
10,50000,100000000,6087.734578939248,14135.553332678839
10,100000,100000000,6871.88239996387,14729.381980492259
10,500000,100000000,7516.075212114983,16046.770841775317
10,1000000,100000000,7758.4860612249995,17703.88483325783
10,5000000,100000000,65204.5650290549,36661.78798030542
10,10000000,100000000,74634.18925099292,94524.17080033373
