Iterations,N,R,Erlang Energy Consumption(J),Scala Energy Consumption(J)
15,10000,1000000,140.60818245061228,330.96997684252875
15,50000,5000000,451.48824839564327,1399.6978802283493
15,100000,10000000,1225.1710029316125,2444.934238805882
15,500000,50000000,6856.747639732558,12009.663655283011
15,1000000,100000000,17206.021480786854,24606.553499522648
15,5000000,500000000,709299.7735196505,172876.207392484
