Iterations,N,M,Erlang Energy Consumption(J),Scala Energy Consumption(J)
10,100,10000,702.0879715453278,339.4195068894001
10,500,50000,25623.52634638775,7781.563348427416
10,1000,100000,109850.08407733099,30933.84862939101
