Iterations,N,R,Erlang Energy Consumption(J),Scala Energy Consumption(J)
10,10000,1000000,80.54037849489383,210.6511293701887
10,50000,5000000,359.43275322898467,924.8526763086262
10,100000,10000000,780.0071147274195,1792.6311019368968
10,500000,50000000,3746.5180460754195,8841.581362764347
10,1000000,100000000,7846.704633472796,17014.228293495456
10,5000000,500000000,324344.44984302705,125888.01008882912
10,10000000,1000000000,640072.3987684548,251226.39834936676
