Iterations,N,Erlang Energy Consumption(J),Scala Energy Consumption(J)
10,50000,32.30358944052173,103.1352059622857
10,100000,75.36496864685184,157.68518146370002
10,500000,396.59102511176843,446.5520424503389
10,1000000,808.1374744391351,1225.8918795977793
10,5000000,6426.634180910264,10305.052958911716
10,10000000,15059.032038269692,26641.183669941212
10,20000000,36044.32151647472,73649.201149946
10,30000000,59705.349220132564,240924.969755862
10,40000000,86682.13551442088,392334.35289443564
