Iterations,N,Erlang Energy Consumption(J),Scala Energy Consumption(J)
10,50000,38.522633270000014,109.02635642938775
10,100000,88.2504791422388,167.41118226105257
10,500000,535.6691309302324,472.86400189491525
10,1000000,1060.4229499456521,1309.8124200221057
10,5000000,8728.709287777841,11096.132157279526
10,10000000,23202.6180222375,28642.335521700552
