Iterations,N,R,Erlang Energy Consumption(J),Scala Energy Consumption(J)
10,10000,1000000000,51625.97635307079,131262.54051468152
