Iterations,N,M,Erlang Energy Consumption(J),Scala Energy Consumption(J)
10,1000,1000,949.4163454373083,375.01157421939564
10,1000,5000,5212.860711297588,1661.2248905446042
10,1000,10000,10481.755189922651,3093.8167396827
10,1000,50000,53910.125275192455,17407.828094891785
10,1000,100000,109850.08407733099,30933.84862939101
