Iterations,N,M,Erlang Energy Consumption(J),Scala Energy Consumption(J),Erlang Total Time(s),Scala Total Time(s)
10,50,100000,3841.496262069449,1694.5723096305535,131.14118,57.792019999999994
10,100,100000,7996.805200803894,3556.7262095615893,274.10793,116.58278999999999
10,500,100000,50882.20609401473,16595.96210762084,1661.0535,504.26299
10,1000,100000,109850.08407733099,30933.84862939101,3639.71129,1010.39166
10,5000,100000,708676.6783530856,173407.02188047778,24269.53864,5716.7422
